{"cameraMode":{"drawMode":0,"name":"Shaded","section":"Shading Mode"},"sceneLighting":false,"audioPlay":false,"sceneViewState":{"showFog":true,"showMaterialUpdate":false,"showSkybox":true,"showFlares":true,"showImageEffects":true,"showParticleSystems":true},"in2DMode":false,"pivot":{"x":-14.03915023803711,"y":-1.6759263277053834,"z":106.6737289428711},"rotation":{"x":0.007321612443774939,"y":-0.23744668066501618,"z":0.004504779819399118,"w":0.971363365650177},"size":32.90763473510742,"orthographic":false}